variable,type,mean,median,std,variance,min,max,IQR,mode
CDSEXE,quantitative,2.65969910797497,3.0,0.7255034289023367,0.5263552253490479,1.0,4.0,1.0,
MTREV,quantitative,681.7327253361736,0.0,1238.179246880857,1533087.8474064462,0.0,38413.0,1470.0,
NBENF,quantitative,0.45067234722407135,0.0,0.8821415819889263,0.7781737706739257,0.0,13.0,0.0,
CDTMT,quantitative,1.2151511117028357,2.0,1.0156432920320924,1.0315312966497858,0.0,6.0,2.0,
CDCATCL,quantitative,13.557648781786712,10.0,7.299272608336375,53.27938061080972,10.0,98.0,11.0,
BPADH,quantitative,15037.494008787113,11307.0,19194.192082636444,368417009.7051436,0.0,88887.0,4800.0,
DTNAIS,qualitative,,,,,,,,0000-00-00
CDSITFAM,qualitative,,,,,,,,M
DTADH,qualitative,,,,,,,,12/05/2004
CDMOTDEM,qualitative,,,,,,,,DV
DTDEM,qualitative,,,,,,,,31/12/1900
